sender,receiver,edge_weight
UCC35EnAeuy4lLGTjIQHuLTQ,UCOtHqJeZ2OG0FrJRUOwaieg,1
UCEngHxSN_kcZYoavVA4i7Ow,UCOtHqJeZ2OG0FrJRUOwaieg,1
UCk7p83NSuNlDbT3eArf67Yw,UCEkx7zzpb9N6DAnz6v7Tz7A,1
UCOtHqJeZ2OG0FrJRUOwaieg,UCEkx7zzpb9N6DAnz6v7Tz7A,1
UCFPb9eToj2c4JlktoX6Ki5A,UCEkx7zzpb9N6DAnz6v7Tz7A,2
UCEngHxSN_kcZYoavVA4i7Ow,UCEkx7zzpb9N6DAnz6v7Tz7A,19
UC1ffpT8ZDGqcGtd2WuaJlng,UCEkx7zzpb9N6DAnz6v7Tz7A,26
UCiDVLi3WXbI6-8tmSau5E4Q,UCEkx7zzpb9N6DAnz6v7Tz7A,1
UC_Df-AuaoB5unovNHru9XEA,UCEkx7zzpb9N6DAnz6v7Tz7A,1
UCEkx7zzpb9N6DAnz6v7Tz7A,UCFPb9eToj2c4JlktoX6Ki5A,1
UCpjal1K5phFvGvu2RGwWZOA,UCEkx7zzpb9N6DAnz6v7Tz7A,1
UCEkx7zzpb9N6DAnz6v7Tz7A,UCdJljIiF-Eu59eV9DGhYqzQ,1
UC1ffpT8ZDGqcGtd2WuaJlng,UCeWCuXcxVdXGV0h9K7cZQrQ,1
UCEkx7zzpb9N6DAnz6v7Tz7A,UC1ffpT8ZDGqcGtd2WuaJlng,7
UCXIItHp8IHY0vOKcECZzANw,UCEkx7zzpb9N6DAnz6v7Tz7A,1
UC1ffpT8ZDGqcGtd2WuaJlng,UC7Hv3nnikR4mSxscwMITySQ,1
UCnRJyjOjnjESv8Bj8AK_W0A,UCAhkPe9jzNSht8qwxXhmcBQ,1
UCWBnbh5XCcS7ze8-7X-n3rg,UC6JJi02nyGHG3EBbV1QTM5g,1
UC3F50XRJN8_LOwKjUIuKucA,UCbaPmNfFNrKJr7bmOGMDy6g,1
UCG5sfyuKD9IaWOIpGcIbO0g,UCeWCuXcxVdXGV0h9K7cZQrQ,1
UCHJR7Mn1lcUNby4v0GuwH_A,UCEkx7zzpb9N6DAnz6v7Tz7A,1
UCgQnkpDH0W5sBEq-i7_uy2Q,UC1ffpT8ZDGqcGtd2WuaJlng,1
UCnRJyjOjnjESv8Bj8AK_W0A,UC1ffpT8ZDGqcGtd2WuaJlng,1
UCEkx7zzpb9N6DAnz6v7Tz7A,UCbaPmNfFNrKJr7bmOGMDy6g,1
UCnRJyjOjnjESv8Bj8AK_W0A,UCEkx7zzpb9N6DAnz6v7Tz7A,1
UCKQM7sGy0zipHXgeFQkuUTg,UCEkx7zzpb9N6DAnz6v7Tz7A,1
UCtEFcTGcOEKTa81w45cR-bA,UCAMefyoMRHfrJgABYl0O0QQ,1
UCtEFcTGcOEKTa81w45cR-bA,UCeWCuXcxVdXGV0h9K7cZQrQ,2
UCAMefyoMRHfrJgABYl0O0QQ,UCeWCuXcxVdXGV0h9K7cZQrQ,3
UCyj2wKM2CJuJ6GNhmpQ0vFg,UCeWCuXcxVdXGV0h9K7cZQrQ,1
UCeWCuXcxVdXGV0h9K7cZQrQ,UCEkx7zzpb9N6DAnz6v7Tz7A,2
UCNF_BWFsZ4PPTYbnIZJ5KfQ,UCEkx7zzpb9N6DAnz6v7Tz7A,2
UCEngHxSN_kcZYoavVA4i7Ow,UCNF_BWFsZ4PPTYbnIZJ5KfQ,1
UCaBiixZ5DtDWQ6-W4YoaDGA,UCbaPmNfFNrKJr7bmOGMDy6g,2
UCnRJyjOjnjESv8Bj8AK_W0A,UCaBiixZ5DtDWQ6-W4YoaDGA,1
UCkzDId9vNXuqKHBiRO8K0sg,UCEkx7zzpb9N6DAnz6v7Tz7A,1
UCEkx7zzpb9N6DAnz6v7Tz7A,UCkzDId9vNXuqKHBiRO8K0sg,1
UCnRJyjOjnjESv8Bj8AK_W0A,UCkzDId9vNXuqKHBiRO8K0sg,1
UCOZ-RdwOqy2QnxpUzQRYp_A,UC1ffpT8ZDGqcGtd2WuaJlng,1
UC1ffpT8ZDGqcGtd2WuaJlng,UCOZ-RdwOqy2QnxpUzQRYp_A,1
UCEngHxSN_kcZYoavVA4i7Ow,UCOZ-RdwOqy2QnxpUzQRYp_A,3
UCOZ-RdwOqy2QnxpUzQRYp_A,UCEngHxSN_kcZYoavVA4i7Ow,1
UCLmkuEcLDFTDI5s3ia4V-rg,UCEkx7zzpb9N6DAnz6v7Tz7A,1
UCLmkuEcLDFTDI5s3ia4V-rg,UCEngHxSN_kcZYoavVA4i7Ow,5
UCEngHxSN_kcZYoavVA4i7Ow,UCLmkuEcLDFTDI5s3ia4V-rg,5
UCrCkj_4D5V94HNU9fjh7wPA,UCEkx7zzpb9N6DAnz6v7Tz7A,1
UCikhJe1fbVnqvfpTKQaEVFA,UCTnmkygARqbpq3Vf7h9OE1A,1
UC1ffpT8ZDGqcGtd2WuaJlng,UCW9ZSxKovcLefJMz2JJqwYA,1
UCEkx7zzpb9N6DAnz6v7Tz7A,UCW9ZSxKovcLefJMz2JJqwYA,1
UCkX2Hx3D5yNws-B21oaQ9WA,UCEkx7zzpb9N6DAnz6v7Tz7A,1
UCUNLhE5iqna1btATnaR4BsA,UCEkx7zzpb9N6DAnz6v7Tz7A,1
UCohqy3txTGrnTMMWMlTAJSg,UCeWCuXcxVdXGV0h9K7cZQrQ,1
UCZ6YHh7dGpNUsFLQ22e651w,UC1ffpT8ZDGqcGtd2WuaJlng,1
UC1ffpT8ZDGqcGtd2WuaJlng,UCbpz3-GFqms-gt6km1yUE1w,1
UCPB1bD5Eqp7uXH2_xLZ75KA,UCEkx7zzpb9N6DAnz6v7Tz7A,1
UCHw8RCd0Ub68xgOvy3Hrstw,UCEkx7zzpb9N6DAnz6v7Tz7A,1
UCpWtoPCieIk4fYgpO1qw59w,UCEkx7zzpb9N6DAnz6v7Tz7A,1
UCEkx7zzpb9N6DAnz6v7Tz7A,UCeWCuXcxVdXGV0h9K7cZQrQ,4
UC8eE3kD0xXL5IpQ2KhKOaMw,UCeWCuXcxVdXGV0h9K7cZQrQ,1
UC0C_vy3-E7X1mmVxOZwkCuw,UC76YN3d70t_bSmwRhUbL-FA,2
UC76YN3d70t_bSmwRhUbL-FA,UC0C_vy3-E7X1mmVxOZwkCuw,2
UC1tpYMgUfrQ0s5ypJ2A0OPw,UC76YN3d70t_bSmwRhUbL-FA,1
UCUdp_lQG_3l4Y84FHfx4IBQ,UC76YN3d70t_bSmwRhUbL-FA,1
UCTPEzQcnBJjbRHxgtirfDyw,UCywTnrdto804wJcVFp50jRQ,1
UCR3gO4ou0KnrMJlX-u50sGQ,UCTnmkygARqbpq3Vf7h9OE1A,1
UCe7Y55S9Seq0kME6F5Jv4Cw,UCywTnrdto804wJcVFp50jRQ,1
UCfIYRPglzSeFkVBEL3sCd6A,UCywTnrdto804wJcVFp50jRQ,1
UCEngHxSN_kcZYoavVA4i7Ow,UCywTnrdto804wJcVFp50jRQ,9
UCarx_HhLFVLQQkwyygVrhew,UCkM50N_mTM60PDt5rvHU6fw,1
UCKO6rmcEdesdgPZsszAn7Aw,UCkM50N_mTM60PDt5rvHU6fw,1
UCkM50N_mTM60PDt5rvHU6fw,UCKO6rmcEdesdgPZsszAn7Aw,1
UCK21puFojL1u3PyYyRtEbzg,UCywTnrdto804wJcVFp50jRQ,2
UCK21puFojL1u3PyYyRtEbzg,UCTnmkygARqbpq3Vf7h9OE1A,1
UCTnmkygARqbpq3Vf7h9OE1A,UCK21puFojL1u3PyYyRtEbzg,1
UCxf_JrLxBIH-oUPKDBfATwA,UCywTnrdto804wJcVFp50jRQ,1
UCarx_HhLFVLQQkwyygVrhew,UCCKOROQvYDkdPMKqcVNPTBA,1
UCarx_HhLFVLQQkwyygVrhew,UCGcPoElAmewkXV4gQhvCSmQ,1
UCKM5YAgKeg5R0zASfwhBedg,UCGcPoElAmewkXV4gQhvCSmQ,1
UCRhzRXjpaiJcagkbzNq2j1g,UCTnmkygARqbpq3Vf7h9OE1A,1
UCKM5YAgKeg5R0zASfwhBedg,UCGmyCMc6kvQwL6gHTOSikQw,2
UCGmyCMc6kvQwL6gHTOSikQw,UCKM5YAgKeg5R0zASfwhBedg,1
UCIMCfN73kk4cWd5X3bYUOZg,UCGmyCMc6kvQwL6gHTOSikQw,1
UCGmyCMc6kvQwL6gHTOSikQw,UCIMCfN73kk4cWd5X3bYUOZg,1
UCFBsY6RWOQN6E3MiZ8EiJvg,UCywTnrdto804wJcVFp50jRQ,1
UCdxozhhmY4hl0feWzCm8XAw,UCVUAkbOozJagIlyfw3_Xurg,1
UCsOnVjzysUphfo8Ju0L6Dgg,UCLe5JaGApMZFNglY5EpRj6w,1
UC0OiuCXmhXZnYKP7iDH98xg,UCywTnrdto804wJcVFp50jRQ,1
UCDrRgUPaecfRCxjxbE9E5Ug,UCywTnrdto804wJcVFp50jRQ,1
UCDFx9QTmshAz6yQrXebUr-w,UCywTnrdto804wJcVFp50jRQ,3
UCDFx9QTmshAz6yQrXebUr-w,UC-vrup26Nj7hUKGjqyARmkg,1
UCmieFuckQbhw5fvxxLvZvLw,UCywTnrdto804wJcVFp50jRQ,1
UCwqOcfemZ2rBPtyV-Ay9Bvw,UC-vrup26Nj7hUKGjqyARmkg,1
UCYqt3zUi_PgFO_x42p6yDZQ,UCywTnrdto804wJcVFp50jRQ,1
UC_Df-AuaoB5unovNHru9XEA,UCywTnrdto804wJcVFp50jRQ,1
UCf67A8VYTc5VWwshxs2MRNw,UCywTnrdto804wJcVFp50jRQ,1
UCf67A8VYTc5VWwshxs2MRNw,UCYqt3zUi_PgFO_x42p6yDZQ,1
UCN8Te-kcHK6UF1C3ztC6_FQ,UCywTnrdto804wJcVFp50jRQ,1
UC9aVaMWRllwlySuN38DaJKQ,UCywTnrdto804wJcVFp50jRQ,1
UC9aVaMWRllwlySuN38DaJKQ,UCjFT6jzGs-LegEcpMJrVN5A,1
UCGrjz-N0AP3M9OUwa5DFGBg,UCywTnrdto804wJcVFp50jRQ,1
UCGrjz-N0AP3M9OUwa5DFGBg,UCporDt1F85-ypb2sZVwlQ1g,1
UCGrjz-N0AP3M9OUwa5DFGBg,UCjFT6jzGs-LegEcpMJrVN5A,1
UCiDVLi3WXbI6-8tmSau5E4Q,UCwqb_rsR_yAtRTw_r1Vd50A,1
UCiDVLi3WXbI6-8tmSau5E4Q,UCjFT6jzGs-LegEcpMJrVN5A,3
UCiDVLi3WXbI6-8tmSau5E4Q,UCywTnrdto804wJcVFp50jRQ,1
UCiDVLi3WXbI6-8tmSau5E4Q,UC-vrup26Nj7hUKGjqyARmkg,1
UCJY-Nvj6YYroBo2OYavH6kg,UCywTnrdto804wJcVFp50jRQ,1
UCCh_EQU-y85rqbq4-6QYmng,UCTnmkygARqbpq3Vf7h9OE1A,1
UC-7oRFgGO4t4MgHdIPwIexw,UCKM5YAgKeg5R0zASfwhBedg,2
UCKM5YAgKeg5R0zASfwhBedg,UC-7oRFgGO4t4MgHdIPwIexw,2
UCJCXva9PVxXoibj9ZEFp_yA,UCTnmkygARqbpq3Vf7h9OE1A,1
UCDFx9QTmshAz6yQrXebUr-w,UCXqU-ew0ETfFPqfzw8AksMQ,1
UC6JJi02nyGHG3EBbV1QTM5g,UC4TWG6l3mfGxcdO_5adG_Nw,2
UCu1JsjuM5BbJa1KBPOzYAiA,UC6JJi02nyGHG3EBbV1QTM5g,1
UCDFx9QTmshAz6yQrXebUr-w,UC4TWG6l3mfGxcdO_5adG_Nw,2
UCu1JsjuM5BbJa1KBPOzYAiA,UCDFx9QTmshAz6yQrXebUr-w,1
UCEngHxSN_kcZYoavVA4i7Ow,UC4TWG6l3mfGxcdO_5adG_Nw,1
UCu1JsjuM5BbJa1KBPOzYAiA,UCEngHxSN_kcZYoavVA4i7Ow,1
UCTAVSLjpVhggKI-q-fPviKg,UC4TWG6l3mfGxcdO_5adG_Nw,2
UCu1JsjuM5BbJa1KBPOzYAiA,UCTAVSLjpVhggKI-q-fPviKg,1
UC_J6r61iPkgcV8nEqxtA4qA,UCTnmkygARqbpq3Vf7h9OE1A,1
UCzD5cMEj_HlMxerc_Ph-3lg,UCTnmkygARqbpq3Vf7h9OE1A,2
UCgDgdiYCUeNsGscIFC29okQ,UCTnmkygARqbpq3Vf7h9OE1A,1
UCeYmfn_jZFW7QfaHCZ74VhQ,UCTnmkygARqbpq3Vf7h9OE1A,1
UCJGGCf4q-B-UynuU9JrbBsw,UCTnmkygARqbpq3Vf7h9OE1A,1
UCDFx9QTmshAz6yQrXebUr-w,UCJGGCf4q-B-UynuU9JrbBsw,1
UCEngHxSN_kcZYoavVA4i7Ow,UCTnmkygARqbpq3Vf7h9OE1A,6
UCX9SRttizUiGOkAogTUsmAA,UCTnmkygARqbpq3Vf7h9OE1A,1
UC3HnoOc4tH45bWOlPSGZaJA,UCTnmkygARqbpq3Vf7h9OE1A,1
UCDFx9QTmshAz6yQrXebUr-w,UCS26dq5hvONKSTyYvENv8SQ,1
UCeDwNzYtvnxQKdhUL3HALTw,UCKM5YAgKeg5R0zASfwhBedg,1
UCEIaAwhhJpw3V0kx7cwFkeg,UCKM5YAgKeg5R0zASfwhBedg,2
UCIoBsy6kfoBonHXRTFbGM0w,UCKM5YAgKeg5R0zASfwhBedg,1
UCKM5YAgKeg5R0zASfwhBedg,UCEIaAwhhJpw3V0kx7cwFkeg,1
UCuzaGkaUt1lkW0oIkfjr2vw,UCmieFuckQbhw5fvxxLvZvLw,2
UCmieFuckQbhw5fvxxLvZvLw,UCuzaGkaUt1lkW0oIkfjr2vw,1
UCTnmkygARqbpq3Vf7h9OE1A,UCEIaAwhhJpw3V0kx7cwFkeg,1
UCEIaAwhhJpw3V0kx7cwFkeg,UCTnmkygARqbpq3Vf7h9OE1A,1
UCywTnrdto804wJcVFp50jRQ,UCe9X7yp3TsimjDVOvrxlJVw,1
UCyj2wKM2CJuJ6GNhmpQ0vFg,UCOWnh9i64SC8PCj5vgWONBg,1
UCyj2wKM2CJuJ6GNhmpQ0vFg,UCTnmkygARqbpq3Vf7h9OE1A,1
UCarx_HhLFVLQQkwyygVrhew,UCTnmkygARqbpq3Vf7h9OE1A,1
UCTnmkygARqbpq3Vf7h9OE1A,UCarx_HhLFVLQQkwyygVrhew,1
UCGmyCMc6kvQwL6gHTOSikQw,UCXAGj0VSSSDPfa0jnNsf5zw,1
UCXAGj0VSSSDPfa0jnNsf5zw,UCGmyCMc6kvQwL6gHTOSikQw,1
UCshjRTfjhrA9GuzQwSV8OMA,UCe9X7yp3TsimjDVOvrxlJVw,1
UCGmyCMc6kvQwL6gHTOSikQw,UCDvrHKhyUylIyvloRAepOoA,1
UCywTnrdto804wJcVFp50jRQ,UCGmyCMc6kvQwL6gHTOSikQw,1
UCGmyCMc6kvQwL6gHTOSikQw,UCarx_HhLFVLQQkwyygVrhew,1
UCGHZVKsXHzO_2fQZU8HCmXg,UCTnmkygARqbpq3Vf7h9OE1A,1
UCTnmkygARqbpq3Vf7h9OE1A,UCGHZVKsXHzO_2fQZU8HCmXg,1
UCEngHxSN_kcZYoavVA4i7Ow,UCGHZVKsXHzO_2fQZU8HCmXg,1
UC1Rc8Dll5UhA53PArivwzpA,UCTnmkygARqbpq3Vf7h9OE1A,1
UC2IsSMrrKn_Xoewqf2fbJHw,UC1Rc8Dll5UhA53PArivwzpA,1
UC-5bgCfB2-6P7IXYQVfkgQA,UCx3j57GIvLghrdo72WZ_qXw,1
UCeNgnhBz3lw47uOHO7lBu5g,UC-5bgCfB2-6P7IXYQVfkgQA,1
UCIoBsy6kfoBonHXRTFbGM0w,UCx3j57GIvLghrdo72WZ_qXw,1
UCzD5cMEj_HlMxerc_Ph-3lg,UCx3j57GIvLghrdo72WZ_qXw,1
UCyj2wKM2CJuJ6GNhmpQ0vFg,UCIoBsy6kfoBonHXRTFbGM0w,1
UCmieFuckQbhw5fvxxLvZvLw,UCKM5YAgKeg5R0zASfwhBedg,2
UCKM5YAgKeg5R0zASfwhBedg,UCmieFuckQbhw5fvxxLvZvLw,2
UCEngHxSN_kcZYoavVA4i7Ow,UCKM5YAgKeg5R0zASfwhBedg,1
UCEngHxSN_kcZYoavVA4i7Ow,UCmieFuckQbhw5fvxxLvZvLw,1
UCTnmkygARqbpq3Vf7h9OE1A,UCshjRTfjhrA9GuzQwSV8OMA,1
UCTnmkygARqbpq3Vf7h9OE1A,UCat1X0cIxjSVJrs2N0hcN-A,1
UCWt6YOqEfvySHAcFWEN6j6g,UCat1X0cIxjSVJrs2N0hcN-A,1
UCDFx9QTmshAz6yQrXebUr-w,UCTnmkygARqbpq3Vf7h9OE1A,1
UCTnmkygARqbpq3Vf7h9OE1A,UCDFx9QTmshAz6yQrXebUr-w,1
UC6JJi02nyGHG3EBbV1QTM5g,UCTnmkygARqbpq3Vf7h9OE1A,1
UCTnmkygARqbpq3Vf7h9OE1A,UC6JJi02nyGHG3EBbV1QTM5g,1
UCQ7DiJoQn-vyNjf8sOFehLA,UCarx_HhLFVLQQkwyygVrhew,1
UCTnmkygARqbpq3Vf7h9OE1A,UC2EUew0kaLuagrHXciQbCTA,1
UC2EUew0kaLuagrHXciQbCTA,UCTnmkygARqbpq3Vf7h9OE1A,1
UC2IsSMrrKn_Xoewqf2fbJHw,UCKM5YAgKeg5R0zASfwhBedg,1
UCohqy3txTGrnTMMWMlTAJSg,UCA46uQGQm5wyiJfSLw6HAUw,1
UCyAwD1mxQhAVReULQyftIKA,UCarx_HhLFVLQQkwyygVrhew,1
UCKM5YAgKeg5R0zASfwhBedg,UC2EUew0kaLuagrHXciQbCTA,1
UC2IsSMrrKn_Xoewqf2fbJHw,UCf67A8VYTc5VWwshxs2MRNw,1
UC_T8LuM-gInMUOpegtNcHjQ,UCTnmkygARqbpq3Vf7h9OE1A,1
UC0yfNpdQ50XQafWNnPTh7FQ,UC2EUew0kaLuagrHXciQbCTA,1
UCZE9dDU9_3h8xsTXGYhmJrQ,UCarx_HhLFVLQQkwyygVrhew,1
UClS5URfjCoWYUqUKHL59eQQ,UC2EUew0kaLuagrHXciQbCTA,1
UC2IsSMrrKn_Xoewqf2fbJHw,UCTnmkygARqbpq3Vf7h9OE1A,1
UCCHcqnrbwy93aNKPXNudoHQ,UC2IsSMrrKn_Xoewqf2fbJHw,1
UC6JJi02nyGHG3EBbV1QTM5g,UCywTnrdto804wJcVFp50jRQ,1
UCTnmkygARqbpq3Vf7h9OE1A,UCEngHxSN_kcZYoavVA4i7Ow,1
UCCEYxGvAOQ2h1fJv0ob9DWQ,UCTnmkygARqbpq3Vf7h9OE1A,1
UCEngHxSN_kcZYoavVA4i7Ow,UCdTW_LuoBx95XHfnxnO2PdQ,1
UCg3wiEsDBAgEFi5jxqeAuGA,UCWt6YOqEfvySHAcFWEN6j6g,1
UCWt6YOqEfvySHAcFWEN6j6g,UCa5-feAmXDqj_X2ohMjgpPw,1
UCY00RAcL6SWFSRyfnquxH8A,UCa5-feAmXDqj_X2ohMjgpPw,1
UCzD5cMEj_HlMxerc_Ph-3lg,UCa5-feAmXDqj_X2ohMjgpPw,1
UCeWCuXcxVdXGV0h9K7cZQrQ,UCa5-feAmXDqj_X2ohMjgpPw,1
UCwqb_rsR_yAtRTw_r1Vd50A,UC489NgjdTWEdrxkKxpA6drg,1
UC67M6QP3UXOoA3vEH05PIUw,UCeWCuXcxVdXGV0h9K7cZQrQ,1
UCeWCuXcxVdXGV0h9K7cZQrQ,UC67M6QP3UXOoA3vEH05PIUw,1
UCdJljIiF-Eu59eV9DGhYqzQ,UCEkx7zzpb9N6DAnz6v7Tz7A,1
UCnx6Ue5tlm_Bko3hr63E2rw,UCeWCuXcxVdXGV0h9K7cZQrQ,2
UCEkx7zzpb9N6DAnz6v7Tz7A,UCfiv9MX3xa0bhcsR-sxAnnw,1
UCY5ID_wx_PAGBYf1bmCMs9g,UCEkx7zzpb9N6DAnz6v7Tz7A,1
UCbDztJQXb2TkVbOgvT5u3bg,UCEkx7zzpb9N6DAnz6v7Tz7A,1
UCEkx7zzpb9N6DAnz6v7Tz7A,UCbDztJQXb2TkVbOgvT5u3bg,1
UCEkx7zzpb9N6DAnz6v7Tz7A,UCdKgW7aPcCyECKziG1_SHjg,1
UCdKgW7aPcCyECKziG1_SHjg,UCEkx7zzpb9N6DAnz6v7Tz7A,1
UCe7Y55S9Seq0kME6F5Jv4Cw,UCEkx7zzpb9N6DAnz6v7Tz7A,1
UCPLr9b4YRFjlSCfTE91jWZg,UCEkx7zzpb9N6DAnz6v7Tz7A,1
UCSm3T7zcaf9yjR89-uf4dUA,UCEkx7zzpb9N6DAnz6v7Tz7A,1
UCgUsYnjm5cpcnR6Mtoog4ZQ,UC058PBBc9L0Ad-3iptE9ldg,1
UCG8pq7uUEPL6aeoA-l0bQSQ,UCI2yw_J3Ih3PA-O57Rp1yRg,1
UCKQM7sGy0zipHXgeFQkuUTg,UC2eMYJnMg31WDv1CUWSzn9A,1
UCnRJyjOjnjESv8Bj8AK_W0A,UCK44vq8qpZOEiUrdHRFSdlQ,1
UCnRJyjOjnjESv8Bj8AK_W0A,UCWNBJcc86MJRRIH-xYcoP8w,10
UCRwtp7K9QrUh9QwbPwaHWNw,UCBHgF9tq5BW_Ojox7C10xVg,1
UCnQYwpD6rL8SwBW6IZbm4Pg,UCRwtp7K9QrUh9QwbPwaHWNw,1
UCRwtp7K9QrUh9QwbPwaHWNw,UC7Hv3nnikR4mSxscwMITySQ,1
UCRwtp7K9QrUh9QwbPwaHWNw,UCWNBJcc86MJRRIH-xYcoP8w,4
UCA4atc6Zm86QlGLXRNss2hg,UCRwtp7K9QrUh9QwbPwaHWNw,1
UCnRJyjOjnjESv8Bj8AK_W0A,UC0C_vy3-E7X1mmVxOZwkCuw,1
UCRwtp7K9QrUh9QwbPwaHWNw,UC0C_vy3-E7X1mmVxOZwkCuw,1
UCIhxHAegIOWLf0Sw7nS-gsA,UCRwtp7K9QrUh9QwbPwaHWNw,1
UC6Za-9UNNasxKKIPEP3pnAg,UCbaPmNfFNrKJr7bmOGMDy6g,1
UC6Za-9UNNasxKKIPEP3pnAg,UCO_m-4_sZ9JJVCCb12oxfZw,1
UCDFx9QTmshAz6yQrXebUr-w,UCbaPmNfFNrKJr7bmOGMDy6g,5
UCDFx9QTmshAz6yQrXebUr-w,UCO_m-4_sZ9JJVCCb12oxfZw,1
UCDFx9QTmshAz6yQrXebUr-w,UC6Za-9UNNasxKKIPEP3pnAg,1
UCDFx9QTmshAz6yQrXebUr-w,UCWNBJcc86MJRRIH-xYcoP8w,2
UCRwtp7K9QrUh9QwbPwaHWNw,UCDFx9QTmshAz6yQrXebUr-w,2
UCPF9spyULBxKCU6NU4_Q9kQ,UCbaPmNfFNrKJr7bmOGMDy6g,2
UCDFx9QTmshAz6yQrXebUr-w,UCRwtp7K9QrUh9QwbPwaHWNw,1
UCJmoQHhBLOMB6_Ok7cJcJGg,UC-Ejrvn7mIdU5Ybcz2LiqdQ,1
UCKQM7sGy0zipHXgeFQkuUTg,UCWNBJcc86MJRRIH-xYcoP8w,1
UCdKgW7aPcCyECKziG1_SHjg,UCbaPmNfFNrKJr7bmOGMDy6g,1
UCz4RHgWnlUCuXyGjZhUKcfw,UCbaPmNfFNrKJr7bmOGMDy6g,1
UC1ZMNYNW5O3RnFsUYnaOFVA,UCHyQOJ4Ki2Qq0lykFfrKOow,1
UCHyQOJ4Ki2Qq0lykFfrKOow,UC1ZMNYNW5O3RnFsUYnaOFVA,1
UCx1580zJXwFr13udb1pnOrg,UCEkx7zzpb9N6DAnz6v7Tz7A,1
UC4IfopP3npaJR4E7_dA6qoA,UCEkx7zzpb9N6DAnz6v7Tz7A,2
UCEkx7zzpb9N6DAnz6v7Tz7A,UC4IfopP3npaJR4E7_dA6qoA,1
UCqrprdwoYXR88891L-LghwQ,UCU-F23DHw3Txgrkzr3bDXgw,1
UC1tpYMgUfrQ0s5ypJ2A0OPw,UC7T2iWmq3rQK11cVyJOsReQ,1
UCsLkBbLo2CbSZqx3XHYcTNA,UCw2gJH9eqtYzaGyqDERsNIQ,1
UCBaLZ506LvgdY21u5C8O3Zw,UCbaPmNfFNrKJr7bmOGMDy6g,1
UC4Vie2JIgd7oQ6g9xf_pzEA,UCbaPmNfFNrKJr7bmOGMDy6g,29
UC4Vie2JIgd7oQ6g9xf_pzEA,UCz_NgyYmU_LgaLAeHEMcJHw,1
UCz_NgyYmU_LgaLAeHEMcJHw,UCbaPmNfFNrKJr7bmOGMDy6g,5
UCnRJyjOjnjESv8Bj8AK_W0A,UCz_NgyYmU_LgaLAeHEMcJHw,5
UC1d_ikniz9rn2iFXqJPx_dQ,UCbaPmNfFNrKJr7bmOGMDy6g,1
UCnRJyjOjnjESv8Bj8AK_W0A,UC1d_ikniz9rn2iFXqJPx_dQ,1
UC7T2iWmq3rQK11cVyJOsReQ,UCbaPmNfFNrKJr7bmOGMDy6g,2
UCx4C3a8WL0oLOnoixzNarRw,UC4YRAhn2qOvkQhIKokIxQpw,1
UCKQM7sGy0zipHXgeFQkuUTg,UCyW0boJR5xj5Jqj6RKAgZ8A,1
UCyAwD1mxQhAVReULQyftIKA,UC4YRAhn2qOvkQhIKokIxQpw,1
UC4YRAhn2qOvkQhIKokIxQpw,UCBwZ_K_AEXxZyNFJhcrs8kg,1
UC7JEAoHVFQsNbUeWtcWeThQ,UC4YRAhn2qOvkQhIKokIxQpw,1
UCi8D0d9qx3NoCdkUwLusCDQ,UC4YRAhn2qOvkQhIKokIxQpw,3
UCuUtEwh3cF4gUzPvwKUJuDg,UCi8D0d9qx3NoCdkUwLusCDQ,1
UCi8D0d9qx3NoCdkUwLusCDQ,UC4TWG6l3mfGxcdO_5adG_Nw,1
UCnRJyjOjnjESv8Bj8AK_W0A,UCi8D0d9qx3NoCdkUwLusCDQ,2
UCbFUNovjT-wEo_rSkM6wl9A,UCbaPmNfFNrKJr7bmOGMDy6g,1
UCNH5h9MQN-b6WQ8XLazpu_Q,UCbaPmNfFNrKJr7bmOGMDy6g,1
UCnRJyjOjnjESv8Bj8AK_W0A,UCNH5h9MQN-b6WQ8XLazpu_Q,1
UC2eMYJnMg31WDv1CUWSzn9A,UCbaPmNfFNrKJr7bmOGMDy6g,1
UCREI6KZPRCDoXZiymopqxbw,UC4YRAhn2qOvkQhIKokIxQpw,2
UCi8D0d9qx3NoCdkUwLusCDQ,UCbaPmNfFNrKJr7bmOGMDy6g,3
UCEngHxSN_kcZYoavVA4i7Ow,UCi8D0d9qx3NoCdkUwLusCDQ,1
UCuUtEwh3cF4gUzPvwKUJuDg,UCbaPmNfFNrKJr7bmOGMDy6g,3
UCEngHxSN_kcZYoavVA4i7Ow,UCrTuuDVKK65mqVsYxmq6W-Q,1
UC4Vie2JIgd7oQ6g9xf_pzEA,UCWNBJcc86MJRRIH-xYcoP8w,4
UCnRJyjOjnjESv8Bj8AK_W0A,UCCVeRzUfvbcijjkVUueNeWg,2
UCbgUoqwPGYX4bEdrMvrkrcg,UCCVeRzUfvbcijjkVUueNeWg,1
UCDFx9QTmshAz6yQrXebUr-w,UCCVeRzUfvbcijjkVUueNeWg,2
UCnRJyjOjnjESv8Bj8AK_W0A,UCDFx9QTmshAz6yQrXebUr-w,1
UCCVeRzUfvbcijjkVUueNeWg,UCDFx9QTmshAz6yQrXebUr-w,1
UCCVeRzUfvbcijjkVUueNeWg,UCbaPmNfFNrKJr7bmOGMDy6g,1
UCnRJyjOjnjESv8Bj8AK_W0A,UCnyRpgVQ0Mi479_L3OsTgSw,1
UC4IfopP3npaJR4E7_dA6qoA,UCbaPmNfFNrKJr7bmOGMDy6g,1
UCkNR4RKm_izKz8WDDEGxh5A,UC4IfopP3npaJR4E7_dA6qoA,2
UCEsMEB1c4hYOIi1H3OUbwaQ,UCbaPmNfFNrKJr7bmOGMDy6g,4
UC9ZSWORz-hK16T0eO-Ja-nQ,UCbaPmNfFNrKJr7bmOGMDy6g,1
UCkNR4RKm_izKz8WDDEGxh5A,UCbaPmNfFNrKJr7bmOGMDy6g,1
UC4IfopP3npaJR4E7_dA6qoA,UCWNBJcc86MJRRIH-xYcoP8w,3
UCS6aqMM1GmMFYrYotzuxpYw,UC4IfopP3npaJR4E7_dA6qoA,2
UC4Vie2JIgd7oQ6g9xf_pzEA,UCPF9spyULBxKCU6NU4_Q9kQ,1
UC1d_ikniz9rn2iFXqJPx_dQ,UCWNBJcc86MJRRIH-xYcoP8w,1
UClGsTO7UoskbWmVlQV-qOUw,UCbaPmNfFNrKJr7bmOGMDy6g,1
UClGsTO7UoskbWmVlQV-qOUw,UCPF9spyULBxKCU6NU4_Q9kQ,1
UClGsTO7UoskbWmVlQV-qOUw,UCWNBJcc86MJRRIH-xYcoP8w,2
UClGsTO7UoskbWmVlQV-qOUw,UC4TWG6l3mfGxcdO_5adG_Nw,1
UClGsTO7UoskbWmVlQV-qOUw,UC4IfopP3npaJR4E7_dA6qoA,1
UClGsTO7UoskbWmVlQV-qOUw,UCljcpq_lZr_hI-g2dws8PDg,1
UCljcpq_lZr_hI-g2dws8PDg,UClGsTO7UoskbWmVlQV-qOUw,1
UCMSavSL7GrNEciIVPpO3aZg,UCbgUoqwPGYX4bEdrMvrkrcg,1
UCU-F23DHw3Txgrkzr3bDXgw,UCMSavSL7GrNEciIVPpO3aZg,1
UC2IsSMrrKn_Xoewqf2fbJHw,UCb9iNBEQFz_BI4OGQvY0x5w,1
UCb9iNBEQFz_BI4OGQvY0x5w,UC2IsSMrrKn_Xoewqf2fbJHw,1
UCKbMEFcpV5o80Vp14ldZHEQ,UC2IsSMrrKn_Xoewqf2fbJHw,1
UC2IsSMrrKn_Xoewqf2fbJHw,UCKbMEFcpV5o80Vp14ldZHEQ,1
UCS6aqMM1GmMFYrYotzuxpYw,UC2eMYJnMg31WDv1CUWSzn9A,1
UCEDNGu4Cvv_Y7n7yFxUipuA,UCbaPmNfFNrKJr7bmOGMDy6g,1
UCEsMEB1c4hYOIi1H3OUbwaQ,UCWNBJcc86MJRRIH-xYcoP8w,1
UC4Vie2JIgd7oQ6g9xf_pzEA,UCo3YRhMKlDdvOk6UYeZwrxA,1
UC2wApQjoJynrg9XNDpsHk6w,UCEsMEB1c4hYOIi1H3OUbwaQ,1
UCbgUoqwPGYX4bEdrMvrkrcg,UCEsMEB1c4hYOIi1H3OUbwaQ,1
UCEsMEB1c4hYOIi1H3OUbwaQ,UCbgUoqwPGYX4bEdrMvrkrcg,1
UC1o1iHlhb_Rup_i952E0cfA,UCsLkBbLo2CbSZqx3XHYcTNA,1
UCtcsBg4kPzUgP0jBfg7vQDw,UCbaPmNfFNrKJr7bmOGMDy6g,1
UCEngHxSN_kcZYoavVA4i7Ow,UCbaPmNfFNrKJr7bmOGMDy6g,2
UCnRJyjOjnjESv8Bj8AK_W0A,UCEngHxSN_kcZYoavVA4i7Ow,2
UCnx6Ue5tlm_Bko3hr63E2rw,UCbaPmNfFNrKJr7bmOGMDy6g,1
UCA4atc6Zm86QlGLXRNss2hg,UCbaPmNfFNrKJr7bmOGMDy6g,2
UCnRJyjOjnjESv8Bj8AK_W0A,UCA4atc6Zm86QlGLXRNss2hg,2
UCnRJyjOjnjESv8Bj8AK_W0A,UCeD-2Hd3bfmG5TiJRkiHvfA,1
UCeD-2Hd3bfmG5TiJRkiHvfA,UCbaPmNfFNrKJr7bmOGMDy6g,1
UC4IfopP3npaJR4E7_dA6qoA,UCA4atc6Zm86QlGLXRNss2hg,1
UCEsMEB1c4hYOIi1H3OUbwaQ,UCeD-2Hd3bfmG5TiJRkiHvfA,1
UCDFx9QTmshAz6yQrXebUr-w,UCA4atc6Zm86QlGLXRNss2hg,1
UCS6aqMM1GmMFYrYotzuxpYw,UCA4atc6Zm86QlGLXRNss2hg,1
UCS6aqMM1GmMFYrYotzuxpYw,UCZpOG9GrrXMnCPhUjpUYSKg,1
UCS6aqMM1GmMFYrYotzuxpYw,UCEngHxSN_kcZYoavVA4i7Ow,1
UCeD-2Hd3bfmG5TiJRkiHvfA,UCoT-WC60_MyEgusWDNvxAow,1
UCS6aqMM1GmMFYrYotzuxpYw,UCoT-WC60_MyEgusWDNvxAow,1
UCS6aqMM1GmMFYrYotzuxpYw,UC6W7b7I_EcEaU3D5P7GFVNw,1
UC_cBScLYPLNHYzq5pWaFt8g,UC4TWG6l3mfGxcdO_5adG_Nw,1
UC1d_ikniz9rn2iFXqJPx_dQ,UC4TWG6l3mfGxcdO_5adG_Nw,1
UCS6aqMM1GmMFYrYotzuxpYw,UCnyRpgVQ0Mi479_L3OsTgSw,1
UCS6aqMM1GmMFYrYotzuxpYw,UCWNBJcc86MJRRIH-xYcoP8w,2
UCnRJyjOjnjESv8Bj8AK_W0A,UC6W7b7I_EcEaU3D5P7GFVNw,1
UCnRJyjOjnjESv8Bj8AK_W0A,UC4TWG6l3mfGxcdO_5adG_Nw,2
UC6W7b7I_EcEaU3D5P7GFVNw,UCbaPmNfFNrKJr7bmOGMDy6g,1
UCbaPmNfFNrKJr7bmOGMDy6g,UCz_NgyYmU_LgaLAeHEMcJHw,1
UCY0EVs8YgOW8l8RpCJBikwg,UCWNBJcc86MJRRIH-xYcoP8w,2
UCnRJyjOjnjESv8Bj8AK_W0A,UCY0EVs8YgOW8l8RpCJBikwg,1
UCS6aqMM1GmMFYrYotzuxpYw,UCbaPmNfFNrKJr7bmOGMDy6g,1
UCohqy3txTGrnTMMWMlTAJSg,UCbaPmNfFNrKJr7bmOGMDy6g,1
UCTNbZUi0fQLKSbceHtaXceA,UCohqy3txTGrnTMMWMlTAJSg,3
UCDFx9QTmshAz6yQrXebUr-w,UCohqy3txTGrnTMMWMlTAJSg,1
UCi8D0d9qx3NoCdkUwLusCDQ,UCWNBJcc86MJRRIH-xYcoP8w,2
UCohqy3txTGrnTMMWMlTAJSg,UCTNbZUi0fQLKSbceHtaXceA,3
UCY0EVs8YgOW8l8RpCJBikwg,UCbaPmNfFNrKJr7bmOGMDy6g,1
UCfiv9MX3xa0bhcsR-sxAnnw,UC1HiPrz78mH1oATQd8sRJPQ,1
UCOzoO5Q0Em6GXR0cZBZEUSQ,UC1HiPrz78mH1oATQd8sRJPQ,1
UCnRJyjOjnjESv8Bj8AK_W0A,UCfiv9MX3xa0bhcsR-sxAnnw,2
UCnRJyjOjnjESv8Bj8AK_W0A,UCOzoO5Q0Em6GXR0cZBZEUSQ,2
UCZpOG9GrrXMnCPhUjpUYSKg,UC1HiPrz78mH1oATQd8sRJPQ,1
UCGFaxgxBghNH54mpqcHYfKg,UC4Aj22zoL3jU_nlNNNkSJ0w,1
UC4Aj22zoL3jU_nlNNNkSJ0w,UCGFaxgxBghNH54mpqcHYfKg,1
UCabXhYgUWYg8zHXQfylwMbQ,UCi8D0d9qx3NoCdkUwLusCDQ,1
UCsNfWOsxij4OohO3fG_WNEg,UCWNBJcc86MJRRIH-xYcoP8w,1
UCl4IvwjksujmzHAmMSkJY-Q,UCzkXXDb6pl24NoCjKlc90rA,1
UCOZ-RdwOqy2QnxpUzQRYp_A,UCpYdBWWCn9qpbF4OMTJ1JUg,1
UCzkXXDb6pl24NoCjKlc90rA,UCl4IvwjksujmzHAmMSkJY-Q,1
UC0BER8uaBN4ySBpegYTsPUQ,UCY4GYPL_m0jjDGWWHpuP6pQ,1
UCiG8S_jpgK_AtYcttS6X8jA,UCY4GYPL_m0jjDGWWHpuP6pQ,1
UCZbLSmBVOmmNiwaP7jBCiKw,UCYmQ2yb6gJI_quqNX_sAAZQ,1
UCVUAkbOozJagIlyfw3_Xurg,UCYmQ2yb6gJI_quqNX_sAAZQ,1
UC9Z6M8I0mu6SCgZ7SrwHfjA,UC34coCRZlHPrgIM0NSEjYwQ,1
UCi8D0d9qx3NoCdkUwLusCDQ,UCvCqunnNbU-Vb8vWvN6HTpg,1
UCwTLkfibXPLJmP3Q6y-lvLw,UCJ4p3Y6nNKC8-BmyOvsjnTg,1
UCbEeM3zWKAikqKpp8qP1hEQ,UCWNBJcc86MJRRIH-xYcoP8w,1
UCB-voh3vCrgodk9hdxlaDyQ,UCeD-2Hd3bfmG5TiJRkiHvfA,1
UCQ9xTCSYY0D94tn9RuW988g,UCPXrE9s238BSNTr-bYBFvCA,3
UCPXrE9s238BSNTr-bYBFvCA,UCQ9xTCSYY0D94tn9RuW988g,3
UCg4UJjqZhapFLce5UpOWd0A,UCoT-WC60_MyEgusWDNvxAow,1
UCLPNG8wMya4V_G_G3aBtdXg,UCzYPAv9JPy-liJwcA1lb2DA,1
UCi8D0d9qx3NoCdkUwLusCDQ,UCPXrE9s238BSNTr-bYBFvCA,1
UCPXrE9s238BSNTr-bYBFvCA,UCi8D0d9qx3NoCdkUwLusCDQ,1
UCabXhYgUWYg8zHXQfylwMbQ,UCPXrE9s238BSNTr-bYBFvCA,1
UCPXrE9s238BSNTr-bYBFvCA,UCabXhYgUWYg8zHXQfylwMbQ,1
UCRfRuw4A77qRm-ctSjUaoqg,UCW-qt3KDJGES4sEe0N2-AJw,1
UC4Vie2JIgd7oQ6g9xf_pzEA,UC4TWG6l3mfGxcdO_5adG_Nw,1
UCitDzawkv4Wg-W_11oTMa6Q,UCoT-WC60_MyEgusWDNvxAow,1
UC4Vie2JIgd7oQ6g9xf_pzEA,UCoT-WC60_MyEgusWDNvxAow,1
UCBE7wj1ia_lFroVq6YDgplQ,UC3jWUb_ZVL8f_mMTa1xIO-g,1
UCEsMEB1c4hYOIi1H3OUbwaQ,UC3jWUb_ZVL8f_mMTa1xIO-g,1
UC_Df-AuaoB5unovNHru9XEA,UC3jWUb_ZVL8f_mMTa1xIO-g,1
UCPXrE9s238BSNTr-bYBFvCA,UC3jWUb_ZVL8f_mMTa1xIO-g,1
UCi8D0d9qx3NoCdkUwLusCDQ,UC3jWUb_ZVL8f_mMTa1xIO-g,1
UC3jWUb_ZVL8f_mMTa1xIO-g,UCi8D0d9qx3NoCdkUwLusCDQ,1
UCi8D0d9qx3NoCdkUwLusCDQ,UCmfroChvYMxT_feyx6CyxsQ,1
UC3jWUb_ZVL8f_mMTa1xIO-g,UCmfroChvYMxT_feyx6CyxsQ,2
UC3jWUb_ZVL8f_mMTa1xIO-g,UC1tiwMimgVvqlwN_l-P6jpQ,1
UC1tiwMimgVvqlwN_l-P6jpQ,UCi8D0d9qx3NoCdkUwLusCDQ,1
UC6W7b7I_EcEaU3D5P7GFVNw,UC1tiwMimgVvqlwN_l-P6jpQ,2
UCabXhYgUWYg8zHXQfylwMbQ,UC6W7b7I_EcEaU3D5P7GFVNw,1
UC8dZUiAd-tCxud2Zs75Z6rw,UC1tiwMimgVvqlwN_l-P6jpQ,1
UCA5CJSx1McIugxVnNcZWjJg,UC8dZUiAd-tCxud2Zs75Z6rw,1
UCA5CJSx1McIugxVnNcZWjJg,UCOZ-RdwOqy2QnxpUzQRYp_A,2
UCOZ-RdwOqy2QnxpUzQRYp_A,UCA5CJSx1McIugxVnNcZWjJg,1
UCcwJoudCi7zWRYBw86yCgBQ,UC6W7b7I_EcEaU3D5P7GFVNw,1
UCcwJoudCi7zWRYBw86yCgBQ,UC-Ejrvn7mIdU5Ybcz2LiqdQ,1
UCgi9s4VInnxrLDlpi1tjP7Q,UCcoXF3WVOJPv2e0CADKMn2g,1
UCPXrE9s238BSNTr-bYBFvCA,UCU-F23DHw3Txgrkzr3bDXgw,1
UCPXrE9s238BSNTr-bYBFvCA,UC14Ep3uziXny8w5Adrks8Xw,3
UCxXzr8K_hPX8ZX-DR2WtZjg,UCEjKI-6ke524e09f4wk0vIw,1
UCi8D0d9qx3NoCdkUwLusCDQ,UCFslz2frPn5DcPNzQpJ_b5w,1
UC7eip4ye_tpT-d_WCvSKXnQ,UCBMppzVk_QxeJaUywqYuLrA,1
UCxXzr8K_hPX8ZX-DR2WtZjg,UC1tiwMimgVvqlwN_l-P6jpQ,1
UCDFx9QTmshAz6yQrXebUr-w,UC34coCRZlHPrgIM0NSEjYwQ,1
UCPXrE9s238BSNTr-bYBFvCA,UCeD-2Hd3bfmG5TiJRkiHvfA,1
UCPXrE9s238BSNTr-bYBFvCA,UC34coCRZlHPrgIM0NSEjYwQ,1
UCi8D0d9qx3NoCdkUwLusCDQ,UC6W7b7I_EcEaU3D5P7GFVNw,1
UCi8D0d9qx3NoCdkUwLusCDQ,UCeD-2Hd3bfmG5TiJRkiHvfA,1
UCi8D0d9qx3NoCdkUwLusCDQ,UC34coCRZlHPrgIM0NSEjYwQ,1
UCi8D0d9qx3NoCdkUwLusCDQ,UCDFx9QTmshAz6yQrXebUr-w,1
UC1tiwMimgVvqlwN_l-P6jpQ,UCeD-2Hd3bfmG5TiJRkiHvfA,1
UCAjzQXy3mRS8CoR1hH2hpnw,UC1tiwMimgVvqlwN_l-P6jpQ,1
UCWPdcoiSDoVv11RRn0NGGGw,UC6W7b7I_EcEaU3D5P7GFVNw,1
UC6W7b7I_EcEaU3D5P7GFVNw,UC4YRAhn2qOvkQhIKokIxQpw,2
UC4YRAhn2qOvkQhIKokIxQpw,UC6W7b7I_EcEaU3D5P7GFVNw,1
UCS6aqMM1GmMFYrYotzuxpYw,UC4YRAhn2qOvkQhIKokIxQpw,1
UCuUtEwh3cF4gUzPvwKUJuDg,UC4YRAhn2qOvkQhIKokIxQpw,1
UC77YXToH0wDLW1QivCi-jtA,UC4YRAhn2qOvkQhIKokIxQpw,1
UC4YRAhn2qOvkQhIKokIxQpw,UC77YXToH0wDLW1QivCi-jtA,1
UCU-F23DHw3Txgrkzr3bDXgw,UC4YRAhn2qOvkQhIKokIxQpw,1
UCZy_DlnGWrJCbJtREy81TsA,UC77YXToH0wDLW1QivCi-jtA,1
UCDFx9QTmshAz6yQrXebUr-w,UC4YRAhn2qOvkQhIKokIxQpw,3
UCDFx9QTmshAz6yQrXebUr-w,UCU-F23DHw3Txgrkzr3bDXgw,1
UCdKgW7aPcCyECKziG1_SHjg,UC4YRAhn2qOvkQhIKokIxQpw,1
UC4YRAhn2qOvkQhIKokIxQpw,UCDFx9QTmshAz6yQrXebUr-w,1
UC4YRAhn2qOvkQhIKokIxQpw,UCU-F23DHw3Txgrkzr3bDXgw,1
UCqrprdwoYXR88891L-LghwQ,UC4YRAhn2qOvkQhIKokIxQpw,1
UC4YRAhn2qOvkQhIKokIxQpw,UCqrprdwoYXR88891L-LghwQ,1
UC77YXToH0wDLW1QivCi-jtA,UCZy_DlnGWrJCbJtREy81TsA,1
UCPXrE9s238BSNTr-bYBFvCA,UCWNBJcc86MJRRIH-xYcoP8w,2
UCWPdcoiSDoVv11RRn0NGGGw,UC-Ejrvn7mIdU5Ybcz2LiqdQ,2
UCPXrE9s238BSNTr-bYBFvCA,UC-Ejrvn7mIdU5Ybcz2LiqdQ,1
UCdKgW7aPcCyECKziG1_SHjg,UC-Ejrvn7mIdU5Ybcz2LiqdQ,1
UC-Ejrvn7mIdU5Ybcz2LiqdQ,UCPXrE9s238BSNTr-bYBFvCA,1
UCuUtEwh3cF4gUzPvwKUJuDg,UCcoXF3WVOJPv2e0CADKMn2g,1
UCaemxok5i6w9eG87jk2FlKQ,UC4TWG6l3mfGxcdO_5adG_Nw,1
UCuUtEwh3cF4gUzPvwKUJuDg,UCaemxok5i6w9eG87jk2FlKQ,1
UCXtAGgV5Ygs0wB_DdnNCrhg,UC-Ejrvn7mIdU5Ybcz2LiqdQ,1
UCKhxQDlOwRveVEYacHEPqFg,UCKQM7sGy0zipHXgeFQkuUTg,1
UCi8D0d9qx3NoCdkUwLusCDQ,UCKQM7sGy0zipHXgeFQkuUTg,1
UC9Ol57mldppcYrW8uAzpAVQ,UCojM5oxBnuq9HoCpa8KjrDA,1
UCWPdcoiSDoVv11RRn0NGGGw,UC6NFq8DF4h5vnTY-XWr4BCw,1
UCWPdcoiSDoVv11RRn0NGGGw,UC4YRAhn2qOvkQhIKokIxQpw,2
UC6sTAquWxjJlw5VHAwFRegA,UC6NFq8DF4h5vnTY-XWr4BCw,1
UC6sTAquWxjJlw5VHAwFRegA,UC4YRAhn2qOvkQhIKokIxQpw,1
UC5oiTafs8BdOPjWHWTtj6mw,UC6NFq8DF4h5vnTY-XWr4BCw,1
UC4YRAhn2qOvkQhIKokIxQpw,UC6sTAquWxjJlw5VHAwFRegA,1
UC2gzbi_5l-st9h-AKNp-rWA,UC6sTAquWxjJlw5VHAwFRegA,1
UCbFUNovjT-wEo_rSkM6wl9A,UC6NFq8DF4h5vnTY-XWr4BCw,1
UCNSyf4GH_OZmTFOGUI6vFYg,UC6NFq8DF4h5vnTY-XWr4BCw,1
UCNSyf4GH_OZmTFOGUI6vFYg,UC4YRAhn2qOvkQhIKokIxQpw,2
UC4YRAhn2qOvkQhIKokIxQpw,UCNSyf4GH_OZmTFOGUI6vFYg,2
UCi0yDnE9cSKqI1nrfX4-dNQ,UC6NFq8DF4h5vnTY-XWr4BCw,1
UCgjHS7z8H7Q_bRmzkFeEMrQ,UCNSyf4GH_OZmTFOGUI6vFYg,1
UC6sTAquWxjJlw5VHAwFRegA,UC2gzbi_5l-st9h-AKNp-rWA,1
UCvr3-Lmf7uCohLtUey_NTzg,UC6NFq8DF4h5vnTY-XWr4BCw,1
UCEsMEB1c4hYOIi1H3OUbwaQ,UCNSyf4GH_OZmTFOGUI6vFYg,1
UCoPFHEn01sBhC1Qc-DURvaA,UCNSyf4GH_OZmTFOGUI6vFYg,1
UCEsMEB1c4hYOIi1H3OUbwaQ,UCpqY1AB_F0QsWJzvLg5p3wg,1
UCpqY1AB_F0QsWJzvLg5p3wg,UCEsMEB1c4hYOIi1H3OUbwaQ,1
UCDFx9QTmshAz6yQrXebUr-w,UC6NFq8DF4h5vnTY-XWr4BCw,1
UCDFx9QTmshAz6yQrXebUr-w,UC2gzbi_5l-st9h-AKNp-rWA,2
UC2gzbi_5l-st9h-AKNp-rWA,UCDFx9QTmshAz6yQrXebUr-w,1
UCPXrE9s238BSNTr-bYBFvCA,UC6NFq8DF4h5vnTY-XWr4BCw,1
UCPXrE9s238BSNTr-bYBFvCA,UCNSyf4GH_OZmTFOGUI6vFYg,1
UCi8D0d9qx3NoCdkUwLusCDQ,UC6NFq8DF4h5vnTY-XWr4BCw,1
UCIDztF7zIJY0ZtsVwLt4WWA,UC6NFq8DF4h5vnTY-XWr4BCw,1
UCF-2mQb-HzXKrxKKonxadpQ,UCpqY1AB_F0QsWJzvLg5p3wg,1
UCZbLSmBVOmmNiwaP7jBCiKw,UC6NFq8DF4h5vnTY-XWr4BCw,1
UC6NFq8DF4h5vnTY-XWr4BCw,UCZbLSmBVOmmNiwaP7jBCiKw,1
UCNSyf4GH_OZmTFOGUI6vFYg,UCPXrE9s238BSNTr-bYBFvCA,1
UCNSyf4GH_OZmTFOGUI6vFYg,UC1tiwMimgVvqlwN_l-P6jpQ,1
UCpqY1AB_F0QsWJzvLg5p3wg,UCF-2mQb-HzXKrxKKonxadpQ,1
UCpqY1AB_F0QsWJzvLg5p3wg,UC1tiwMimgVvqlwN_l-P6jpQ,1
UC74StlYv6Oa8TjfOgFYajNg,UCNSyf4GH_OZmTFOGUI6vFYg,1
UCaYAuSTnFNFytRaf7CVXk7w,UC6W7b7I_EcEaU3D5P7GFVNw,1
UC11_vXOoSlg-RFA0mezYPsA,UCgi9s4VInnxrLDlpi1tjP7Q,1
UCEh9jXk6UllvfY9Li1qIxUQ,UC6W7b7I_EcEaU3D5P7GFVNw,1
UC6sTAquWxjJlw5VHAwFRegA,UC044AWz6dG9CZtZc-ouXmyw,1
UC6W7b7I_EcEaU3D5P7GFVNw,UCkgF2bj1UF5fK58fqhjbZjw,1
UCHxtycI4f7GXAgJyXpgPMXg,UCkgF2bj1UF5fK58fqhjbZjw,1
UCbgbLsxB0W1tLVII0_UxHaw,UCkgF2bj1UF5fK58fqhjbZjw,1
UC7RTVHQToxCNAdp1mf-gECA,UC6W7b7I_EcEaU3D5P7GFVNw,1
UCi8D0d9qx3NoCdkUwLusCDQ,UC044AWz6dG9CZtZc-ouXmyw,1
UC11_vXOoSlg-RFA0mezYPsA,UCc8dRAdnFWz9UOF7FrG5baw,1
UCEs2dfLlpO4S5cMAWJKi4UA,UCc8dRAdnFWz9UOF7FrG5baw,1
UCc8dRAdnFWz9UOF7FrG5baw,UCEs2dfLlpO4S5cMAWJKi4UA,1
UCDFx9QTmshAz6yQrXebUr-w,UCEs2dfLlpO4S5cMAWJKi4UA,1
UC11_vXOoSlg-RFA0mezYPsA,UCDFx9QTmshAz6yQrXebUr-w,1
UC6MFyVHYzxFLllezyuUFPDw,UC14Ep3uziXny8w5Adrks8Xw,1
UCiDVLi3WXbI6-8tmSau5E4Q,UC14Ep3uziXny8w5Adrks8Xw,2
UCbXrvmupNO_yTRXNlhLRB-w,UC14Ep3uziXny8w5Adrks8Xw,1
UCtdy6XfiLHrWy0jCPpuf5KQ,UCcoXF3WVOJPv2e0CADKMn2g,1
UC11_vXOoSlg-RFA0mezYPsA,UCtdy6XfiLHrWy0jCPpuf5KQ,1
UCAAYdnDl5Qa9c8oHBpG2Qng,UC14Ep3uziXny8w5Adrks8Xw,1
UCiDVLi3WXbI6-8tmSau5E4Q,UCqBLVQbN6xSjsdLU74Ctgcw,1
UCaemxok5i6w9eG87jk2FlKQ,UC4YRAhn2qOvkQhIKokIxQpw,1
UC4YRAhn2qOvkQhIKokIxQpw,UCvXW2DblrtsYlrw49e3U3JA,1
UCFODg30M7OzryYl5L5aIoNw,UC4YRAhn2qOvkQhIKokIxQpw,1
UC1Rc8Dll5UhA53PArivwzpA,UC4YRAhn2qOvkQhIKokIxQpw,3
UC1Rc8Dll5UhA53PArivwzpA,UCNEQxD8Sej6QohzBWTCeUyA,1
UC4YRAhn2qOvkQhIKokIxQpw,UC1Rc8Dll5UhA53PArivwzpA,2
UCjVzK9goFq-7SimSRc_tdHA,UC4YRAhn2qOvkQhIKokIxQpw,5
UCjVzK9goFq-7SimSRc_tdHA,UC1Rc8Dll5UhA53PArivwzpA,1
UC_Df-AuaoB5unovNHru9XEA,UC4YRAhn2qOvkQhIKokIxQpw,2
UC4YRAhn2qOvkQhIKokIxQpw,UC_Df-AuaoB5unovNHru9XEA,2
UC4YRAhn2qOvkQhIKokIxQpw,UCjVzK9goFq-7SimSRc_tdHA,2
UCuUtEwh3cF4gUzPvwKUJuDg,UCjVzK9goFq-7SimSRc_tdHA,3
UCjVzK9goFq-7SimSRc_tdHA,UC4TWG6l3mfGxcdO_5adG_Nw,2
UCpCr6Ybq1iKTUqzoU7lOpAw,UC34coCRZlHPrgIM0NSEjYwQ,1
UCzYs7pjPN5ZyKu9bF2-ysAw,UC34coCRZlHPrgIM0NSEjYwQ,1
UCqjZ--54TJKRymLTM72bROg,UCRwtp7K9QrUh9QwbPwaHWNw,1
UCS26dq5hvONKSTyYvENv8SQ,UCRwtp7K9QrUh9QwbPwaHWNw,1
UCRwtp7K9QrUh9QwbPwaHWNw,UCS26dq5hvONKSTyYvENv8SQ,2
UCEx1UaMm0i7DaL5u0Pha1pA,UC9dThLl-iseF5CGwS7HqYJg,1
UCgDgdiYCUeNsGscIFC29okQ,UC4YRAhn2qOvkQhIKokIxQpw,5
UC4YRAhn2qOvkQhIKokIxQpw,UC7Hv3nnikR4mSxscwMITySQ,6
UC-Zxxz-qjSnyQa24FG7AoYw,UCPuvnNJzfGfim-aZMMwuh5g,1
UC1rZwJtTpfKEKxtqWC9cuyg,UCPuvnNJzfGfim-aZMMwuh5g,1
UC1rZwJtTpfKEKxtqWC9cuyg,UC9dThLl-iseF5CGwS7HqYJg,1
UCqBLVQbN6xSjsdLU74Ctgcw,UCPuvnNJzfGfim-aZMMwuh5g,1
UC1rZwJtTpfKEKxtqWC9cuyg,UCzkXXDb6pl24NoCjKlc90rA,1
UCqjZ--54TJKRymLTM72bROg,UC5-taCTyctFXkSKqJGvgKrQ,1
UCFatvcX_zapmWQ3nvOUbQHA,UCWNBJcc86MJRRIH-xYcoP8w,2
UC6Q_5VOu_7Nv7hoPst3Gkcg,UCvSmeP5zE-x048o_wAUrRiQ,1
UC1GOc-jih33kjJuDCcRqBaQ,UCyriT0Ks3t89Lh_dyv6y69A,1
UCS6aqMM1GmMFYrYotzuxpYw,UCkJ1FfoQrN_dfc6Yiv2auLg,1
UC7T2iWmq3rQK11cVyJOsReQ,UCvSmeP5zE-x048o_wAUrRiQ,2
UCvSmeP5zE-x048o_wAUrRiQ,UC7T2iWmq3rQK11cVyJOsReQ,1
UCnRJyjOjnjESv8Bj8AK_W0A,UC9dThLl-iseF5CGwS7HqYJg,4
UC9dThLl-iseF5CGwS7HqYJg,UCbaPmNfFNrKJr7bmOGMDy6g,2
UCIgfawDWA0yDyx6TrgZteFA,UCbaPmNfFNrKJr7bmOGMDy6g,1
UCnRJyjOjnjESv8Bj8AK_W0A,UCLwcbWlojF2NdItzAewhRiQ,1
UC3gHIt1it-jOxPamKNYMT9Q,UCbaPmNfFNrKJr7bmOGMDy6g,2
UCnRJyjOjnjESv8Bj8AK_W0A,UC3gHIt1it-jOxPamKNYMT9Q,2
UC6sTAquWxjJlw5VHAwFRegA,UCkJ1FfoQrN_dfc6Yiv2auLg,1
UC4UAVfj87DnG8lbBpNvQPxw,UC0MbQJElk4vXBIdWshoIMvg,1
UC4YRAhn2qOvkQhIKokIxQpw,UCmgcFyF2U_1YaBn2d0Vna1w,1
UCnRJyjOjnjESv8Bj8AK_W0A,UCmgcFyF2U_1YaBn2d0Vna1w,1
UC5Farz5lQQPUVP9Sw7Jv_gQ,UC5-taCTyctFXkSKqJGvgKrQ,1
UCKQM7sGy0zipHXgeFQkuUTg,UCAUV0Odc0P9tPMnknxHphoQ,1
UCvn2_Gz_aqECP5v6L_GI-3Q,UCAUV0Odc0P9tPMnknxHphoQ,1
UCFatvcX_zapmWQ3nvOUbQHA,UC4YRAhn2qOvkQhIKokIxQpw,4
UC3ENNLWZf9NB1qPzaPvU4zw,UC0MbQJElk4vXBIdWshoIMvg,1
UCd7YvFqOo7vUn6QF8MZiwTw,UC4YRAhn2qOvkQhIKokIxQpw,1
UC4YRAhn2qOvkQhIKokIxQpw,UCd7YvFqOo7vUn6QF8MZiwTw,1
UC4YRAhn2qOvkQhIKokIxQpw,UCFatvcX_zapmWQ3nvOUbQHA,1
UCtk3K0B7_Xe2cT_D2xnboVA,UC1tpYMgUfrQ0s5ypJ2A0OPw,1
UCwcOWLKms2NUT7qhs-Sbx2A,UC1tpYMgUfrQ0s5ypJ2A0OPw,1
UCJJzG6-cNuccNe9Vq1Dy6XA,UCwQgrBxHlqyaS3aUfZfjJwQ,1
UC7T2iWmq3rQK11cVyJOsReQ,UC1tpYMgUfrQ0s5ypJ2A0OPw,1
UCEx1UaMm0i7DaL5u0Pha1pA,UCVx1wmIcsbIpgJJ4bZVXYfA,1
UC-IYoQq8mdT_w7dj7Zah5cg,UCVx1wmIcsbIpgJJ4bZVXYfA,1
UC4UAVfj87DnG8lbBpNvQPxw,UCVx1wmIcsbIpgJJ4bZVXYfA,1
UC-Zxxz-qjSnyQa24FG7AoYw,UC_seOXHxPhpYfwgRT8cGmYw,1
UCJCXva9PVxXoibj9ZEFp_yA,UC_seOXHxPhpYfwgRT8cGmYw,1
UCJCXva9PVxXoibj9ZEFp_yA,UCFatvcX_zapmWQ3nvOUbQHA,1
UC_seOXHxPhpYfwgRT8cGmYw,UCJCXva9PVxXoibj9ZEFp_yA,1
UCJCXva9PVxXoibj9ZEFp_yA,UCKQM7sGy0zipHXgeFQkuUTg,1
